,thread_id,subject,body,email_num,previous_opened,opened,meeting_link_clicked,responded
0,0,Propel Marketing ROI Advanced Analytics!,"Hey [Recipient's Name],

Ready to see your marketing performance soar? With our cutting-edge Marketing Analytics services, your business can harness the power of data to drive decision-making and skyrocket ROI!

Quick question - are you leveraging your data to its full potential? Let's talk strategy! üëâ [meeting link]

Best,
[Your Name]",1,False,False,False,False
1,0,Data Superpower Unlock Insights Us,"Hi [Recipient's Name],

I'm reaching out again because I believe our last message might've slipped through the cracks. With your goals in mind, our marketing analytics can translate your data into actionable strategies that can redefine your marketing's success.

Can we help you harness this superpower? Book a time on my calendar: [meeting link]. Looking forward to connecting!

Cheers,
[Your Name]",2,False,True,False,False
2,0,Turn Marketing Data Decisions Let's Explore,"Greetings [Recipient's Name],

We haven't connected yet, and I'm convinced your business is missing out on valuable insights. Our tailored Marketing Analytics can peel back the layers of your data, unveiling opportunities for growth and cost-saving efficiencies.

Shall we schedule a deep dive into your data's potential? I'm eager to assist you in transforming information into victory! üèÜ

Best,
[Your Name]

PS. Here‚Äôs that [meeting link] again, in case it got lost in email limbo.",3,True,False,False,False
3,0,Marketing Success Click Away - Let's Chat Analytics,"Hello [Recipient's Name],

It's clear that you're serious about your business success, so let's not let untapped data insights stand in the way. Imagine the competitive edge you could gain with our expert analysis and recommendations.

When can we show you the full picture? Click here for a consultation: [meeting link]. We‚Äôre here to turn your data into your most valuable asset.

Warm regards,
[Your Name]",4,False,True,True,False
4,1,Boost Brand's Visibility Proven Marketing Analytics Strategies,"Hi [Recipient's Name],

In the digital age, data is power‚Äîespecially for your marketing team. Are you leveraging your data to its full potential? Our marketing analytics services at [Your Company] can help you understand your audience, optimize your campaigns, and significantly increase your ROI.

Ready to take your marketing to new heights? Let‚Äôs schedule a quick discovery call [meeting link].

Best,
[Your Name] at [Your Company]",1,False,False,False,False
5,1,Turn Data Decisions - Next Competitive Edge,"Hey [Recipient's Name],

I saw that my previous email hasn‚Äôt been opened. I get it, you're swamped. Still, I couldn't help but reach out again because I truly believe that our marketing analytics insights can make a substantial difference for [Recipient's Company Name].

Here‚Äôs the deal in a nutshell:
- Customized data reports üìà
- Campaign optimization üëå
- Increased conversion rates üí∞

Does this catch your eye? Let‚Äôs discuss specifics. Book a slot directly via this [meeting link].

Best,
[Your Name]",2,False,True,False,False
6,1,Last Call: Blueprint Marketing Success Awaits,"Hello [Recipient's Name],

I hope this message finds you well. I noticed you opened my last email, and I‚Äôm taking that as a sign you might be curious about the possibilities that our analytics can unlock for your marketing strategy.

As a special consideration, I‚Äôve taken the liberty of analyzing one of your recent campaigns. I spotted a few opportunities that could be game-changers for [Recipient's Company Name].

Interested in these insights? They're just one conversation away. Here's that [meeting link] to set up time to talk.

Warm regards,
[Your Name]",3,True,False,False,False
7,1,"We‚Äôre Confident Data, Here‚Äôs","Greetings [Recipient's Name],

Your success is our business. Just last month, our analyses helped a company like yours increase their lead acquisition by 250%. That's no small feat ‚Äì and it's all thanks to our focused approach to marketing analytics.

I'd love to show you how we can do the same for you. Don't miss out on actionable insights that could revolutionize your marketing outcomes. Click this [meeting link] now and see what robust analytics can do for you.

Best,
[Your Name]
P.S. As a bonus for scheduling a call, I‚Äôll send over a complimentary report with three key insights just for [Recipient's Company Name].",4,False,True,True,False
8,2,Boost ROI Precision Marketing Analytics,"Hi [Recipient's Name],

Do you want to see a better return on your marketing efforts? Our cutting-edge analytics service transforms data into actionable insights.

Curious to learn more? Let's have a quick call! [meeting link]

Best,
[Your Name]",1,False,False,False,False
9,2,Marketing Strategy Deserves Best Analytics,"Hello [Recipient's Name],

Improve your marketing effectiveness through data-driven strategies! Our advanced analytics tools track, analyze, and predict customer behavior to enhance your campaigns.

See what you're missing out on. Discover the full impact of your marketing spend. [meeting link]

Best Regards,
[Your Name]",2,False,True,False,False
10,2,Help Optimize Marketing Efforts?,"Good day, [Recipient's Name],

Are you harnessing the full potential of your marketing data? Allow us to demonstrate how our analytics platform can identify trends and forecast outcomes to fine-tune your strategies for maximum effect.

Click here to schedule a deep dive into your data analytics needs: [meeting link]

Warm regards,
[Your Name]",3,True,True,False,True
11,3,Elevate Marketing Actionable Insights!,"Hi [Recipient's Name],

Are you leveraging your data to its full potential? Our cutting-edge Marketing Analytics services transform raw data into strategic insights, driving growth and competitive advantage.

Interested in boosting ROI? Book a time that works for you: [meeting link].

Cheers,
[Your Name]",1,False,True,False,False
12,3,Make Data-Driven Decisions Confidence,"Good morning [Recipient's Name],

Following our previous conversation, I wanted to reach out again to highlight how our analytics can propel your marketing to new heights:

- Understand your customers deeply
- Optimize campaign performance
- Maximize marketing spend efficiency

Could we explore this further? Here‚Äôs where you can schedule a call: [meeting link].

Kind regards,
[Your Name]",2,True,False,False,False
13,3,Missed Opportunity? Let's Talk Strategy,"Hey [Recipient's Name],

Are you sure you want to miss out on data that could redefine your marketing strategy? Our clients have seen up to a 50% increase in campaign effectiveness after a single consultation.

Take the first step towards smarter marketing: [meeting link]. Ready when you are!

All the best,
[Your Name]",3,False,True,False,True
14,4,Propel Marketing Data-Driven Insights,"Hello [Recipient's Name],

Are you harnessing the power of your data to supercharge your marketing campaigns? At [Your Company], we turn analytics into actionable marketing strategies. Unlock your potential with our state-of-the-art analytics dashboard.

Eager to learn more? Let's set up a time to talk [meeting link].

Best regards,
[Your Name]",1,False,True,False,False
15,4,"[Recipient's Name], stepping marketing game?","Hi [Recipient's Name],

I noticed you may not have had time to consider my previous mail. It's clear businesses that utilize insights from their marketing data stand out from the competition. How does [Recipient's Company] stack up?

When you're ready to dive deeper, check out what we have to offer [meeting link]. Talk soon?

Many thanks,
[Your Name]",2,True,True,False,False
16,4,Miss Transforming Marketing Data Success!,"Hey [Recipient's Name],

Quick question: If there was a way to boost your ROI by optimizing every single marketing decision, would you grab it? That's what we do at [Your Company]. Why not take a peek at our client success stories? They're quite the read!

Here's the link to my calendar if you're curious [meeting link]. üòä

Cheers,
[Your Name]",3,True,True,True,False
17,5,Elevate Brand Tailored Marketing Analytics,"Greetings [Recipient's Name],

In the age of data, understanding your market is pivotal. Our custom marketing analytics services at [Your Company] can catapult your brand's relevance and engagement. Shall we discuss this over a virtual coffee next week? [meeting link]

Warm regards,
[Your Name]",1,False,False,False,False
18,5,Roadmap Data-Driven Success,"Hi [Recipient's Name],

I noticed you haven't opened my previous email, and I wouldn't want you to miss out on this opportunity. By analyzing and acting on data, we've propelled businesses forward, and [Your Company] could be next. Interested in a quick chat? [meeting link] Awaits you!

Best wishes,
[Your Name]",2,False,True,False,False
19,5,Actionable Insights > Guesswork ‚Äî Let's Explore,"Hey [Recipient's Name],

It's me again from [Your Company]! We turn raw data into real strategy. Imagine knowing exactly where to focus your marketing efforts ‚Äì no more guesswork. Let‚Äôs set up a time to talk: [meeting link]. Can I count you in?

Cheers,
[Your Name]",3,True,True,True,False
20,6,Elevate Marketing Game Proven Analytics!,"Hey there [Recipient's Name]üëã, 

Quick question: Are you leveraging the full potential of your marketing data? ü§î Our analytics platform helps businesses like yours transform data into actionable insights. 

Could we take 15 mins this week to explore this? Here‚Äôs a link to my calendar [meeting link]. 

Cheers,
[Your Name]",1,False,False,False,False
21,6,Missed Opportunity? Let's Turn Data Decisions,"Hello [Recipient's Name], 

I sent you a note recently about our marketing analytics services and haven't heard back. I get it, everyone's super busy! But I'm worried you're missing out on some key insights that could seriously amp up your marketing ROI. 

Happy to give you a quick walkthrough - it's just 15 minutes and it might just change your game. What do you say? [meeting link] 

To your success,
[Your Name]",2,False,True,False,False
22,6,Transform Data Overload Strategic Wins,"Hi [Recipient's Name],

I hope I'm not intruding, but I genuinely believe our analytics tool can elevate your marketing strategy. Data is powerful but only when used correctly, right? 

Let's carve out some time for a deep dive on how specific insights can drive your business forward. Here‚Äôs my calendar for that 15-min call [meeting link].

Best,
[Your Name]",3,True,True,True,False
23,7,Elevate Brand's Reach Tailored Marketing Analytics,"Greetings [Recipient's Name],

In today's data-driven marketplace, understanding customer behavior is more crucial than ever. Our Marketing Analytics solutions provide the insights you need to make informed decisions and elevate your brand.

Curious? Let's dive into the data together. Book a discovery call here: [meeting link].

Warm regards,
[Your Name]",1,False,True,False,False
24,7,Re: Quick Follow-up - Marketing Potential Unlocked,"Hi [Recipient's Name],

I hope this message finds you well. I noticed you opened my previous email, but we haven't had the chance to connect yet. Our deep dive analytics service has helped companies just like yours to tailor their marketing efforts and see an average increase in ROI by 30%.

Would you be available for a brief 10-minute chat this week to explore this further? Here‚Äôs the link again: [meeting link]. Looking forward to your thoughts!

All the best,
[Your Name]",2,True,False,False,False
25,7,Still interested Marketing Analytics insights [Recipient's Company]?,"Hello [Recipient's Name],

It's clear that your role at [Recipient's Company] is pivotal, and having the right data can make all the difference. Our proprietary analytics tools are designed to cut through the noise and deliver actionable insights directly to you.

If enhancing your marketing strategies is on your radar, let's schedule a time to talk. Here's that link one more time: [meeting link].

Yours in data-driven success,
[Your Name]",3,False,True,True,False
26,8,Ready Enhance Marketing Analytics Game?,"Hey [Recipient's Name],

Want to boost your marketing ROI? üöÄ [Your Company] provides in-depth analytics tools that help businesses like yours make data-driven decisions, fast. How about a quick tour? [meeting link]

Talk soon,
[Your Name]",1,False,True,False,False
27,8,Dive Deeper Data ‚Äì Grab Spot Calendar!,"Hi [Recipient's Name],

Noticed you peeked at my last email ‚Äì thanks for that! üòä Let's get down to the nitty-gritty. Our marketing analytics services are custom tailored to identify actionable insights within your data.

What's the main challenge you're facing with your current analytics setup?

Secure a time for us to chat here: [meeting link]

Best,
[Your Name]",2,True,True,False,False
28,8,Marketing Data Working You?,"Hello [Recipient's Name],

I'm reaching out again because I'm convinced [Your Company]'s analytics services can solve your marketing pain points. Here's how we've helped others:

- üìä Tailored dashboards & reports
- ‚è±Ô∏è Real-time data analysis
- üí° Predictive insights

Let's talk goals and strategies. When would be a good time for you?

Book here: [meeting link]

Cheers,
[Your Name]",3,True,True,True,False
29,9,Empower Team's Potential - HR Consulting Future,"Hi [Recipient's Name],

Are your HR practices ready for the challenges of the 21st century? At [Your Company], we equip businesses like yours with innovative strategies for talent management and organizational growth. üë•

Let's shape the future of your workforce together! Interested in a conversation? Here is my [meeting link].

Cheers,
[Your Name]",1,False,True,False,False
30,9,Build Thriving Workplace Culture,"Hello [Recipient's Name],

I'm reaching out again because I believe passionately in the power of effective HR. A positive workplace culture and engaged employees can drive your business to new heights!

At [Your Company], our bespoke HR consulting services have helped countless leaders achieve just that. Let‚Äôs explore what we can do for you. üöÄ

If you're curious, could I steal just 20 minutes of your time next week? You can book a slot directly here: [meeting link].

Best,
[Your Name]",2,True,False,False,False
31,9,Last Chance: Transform HR [Your Company],"Dear [Recipient‚Äôs Name],

It‚Äôs clear you‚Äôre deeply dedicated to your team‚Äôs success. I respect that. Therefore, I won‚Äôt take much more of your time. This is my last email to you about how [Your Company] can revitalize your HR strategy - from recruitment to retention.

If you‚Äôve ever faced HR challenges, let‚Äôs chat. No slides, no pitch, just a conversation. Here‚Äôs that [meeting link] one last time.

Warm regards,
[Your Name]",3,False,True,True,False
32,10,Boost Brand - Innovative Marketing Analytics Awaits!,"Greetings [Recipient's Name],

Imagine having the power to predict market trends and customer behavior. Our cutting-edge Marketing Analytics services offer just that. Looking to drive impactful decisions?

Connect with me here [meeting link] and let‚Äôs propel your marketing strategy to new heights!

Best regards,
[Your Name]",1,False,True,False,False
33,10,Re: Unlock Insights & Growth Opportunities,"Hi [Recipient's Name],

I noticed you checked out my last email about our Marketing Analytics services. Great news - implementing analytics is easier than you think, and we're here to help you every step of the way.

By analyzing past and present data, we can refine your marketing strategy and help you outpace competitors. Interested in a deeper dive?

Let's discuss your specific goals - schedule a time here: [meeting link].

Warmest wishes,
[Your Name]",2,True,False,False,False
34,10,Help [Company Name] Excel Today?,"Dear [Recipient's Name],

I'm reaching out again because I truly believe in the power of data to transform businesses like yours. At [Your Provider], our analytics platform is designed to offer insights that can reshape your marketing efforts and elevate your ROI.

Some of the benefits include:

- Enhanced targeting and segmentation
- Real-time data analysis
- Custom reporting that matches your KPIs

Ready for growth? Let's talk: [meeting link].

Cordially,
[Your Name]",3,False,True,False,True
35,11,Elevate Marketing ROI - Let's Talk Strategy!,"Hey [Recipient's Name]! üëã

Quick question: Are you leveraging your data to its fullest potential? At [Your Company], we're all about turning analytics into actionable insights.

Let's set up a time to talk about driving your marketing efforts with precision: [meeting link]. It's a 15-minute chat that could redefine your strategy!

Cheers,
[Your Name]",1,False,True,False,False
36,11,Unlock Power Data - Custom Marketing Analytics Roadmap,"Hello [Recipient's Name],

You might have missed my last message, and that‚Äôs perfectly okay - I know you're juggling multiple priorities! But I wouldn't reach out if I weren't confident that our marketing analytics solutions could be a game changer for your business.

Here's what we offer:
- Custom data analysis and reporting
- Competitive intelligence insights
- Campaign optimization strategies

Discover how data can drive your marketing success. I'd love to discuss this with you. Can we book a 20-minute call here? [meeting link]

Best regards,
[Your Name]",2,True,False,False,False
37,11,Still Interested Analytics-Driven Marketing Success?,"Hello [Recipient's Name],

I haven't heard back, and that tells me one of three things:
1. You‚Äôre swamped and haven't had the chance to reply.
2. My messages aren‚Äôt reaching you.
3. You've already mastered your marketing analytics (kudos if that‚Äôs the case üòÄ).

If it's options 1 or 2, here's a chance to link up: [meeting link]. If it‚Äôs the third, I‚Äôd still love to hear about your approach!

Looking forward to connecting,
[Your Name]",3,False,True,True,False
38,12,Boost Marketing ROI Advanced Analytics,"Good day [Recipient's Name],

Are you leveraging your data to its fullest potential? With our cutting-edge Marketing Analytics tools at [Your Company], you can gain invaluable insights and drive your marketing ROI to new heights.

I‚Äôd love to explain more about this in a quick call. When suits you? Here‚Äôs my schedule: [meeting link].

Best wishes,
[Your Name]",1,False,True,False,False
39,12,Re: Uncover Insights & Propel Growth,"Hello [Recipient's Name],

I'm reaching out again as I believe our Analytics services align perfectly with your current marketing campaigns. By analyzing your performance data, you can refine strategies for even better outcomes.

Can I take 15 mins to show you how? Click here [meeting link] to book a time that works.

Best,
[Your Name]",2,True,True,True,False
40,13,Transform Marketing Strategies Advanced Analytics,"Hello [Recipient's Name],

Are you leveraging your data effectively? We at [Your Company] excel in turning data into actionable insights for dynamic marketing strategies. Imagine surpassing your marketing goals with ease.

Excited to explore this? Let's book a discovery call here [meeting link].

Warm regards,
[Your Name]",1,False,True,False,False
41,13,Unleash Potential Marketing Analytics Drive Success,"Hi [Recipient's Name],

I noticed you've shown interest in our email. At [Your Company], we've helped clients achieve up to a 50% increase in marketing efficiency through enhanced analytics.

Let's not let potential growth slip away! Ready to transform your data into success? Here's that meeting link again [meeting link].

Best,
[Your Name]",2,True,True,True,False
42,14,Elevate Marketing ROI Us,"Hey [Recipient's Name],

Noticing a gap between your marketing spend and ROI?

Our state-of-the-art marketing analytics can help bridge that.

How about a quick exploration call üìû to see what's possible [meeting link]?

Cheers,
[Your Name]",1,False,True,False,False
43,14,Re: Quick Chat Marketing Data Insights?,"Hello [Recipient's Name],

I'm sure you‚Äôre juggling a lot but improving marketing effectiveness is crucial.

With our advanced analytics platform:
- Track real-time campaign performance üöÄ
- Understand customer journeys üß≠
- Increase conversion rates üí∞

Could we have a 15-min call this week? Here's the link: [meeting link].

Best,
[Your Name]",2,True,False,False,False
44,14,Data-Driven Decisions Await You!,"Hey [Recipient's Name],

We haven't connected yet, but I'm still excited about showing you our platform's potential in maximizing your ad spend.

Most clients see a significant uptick in metrics within weeks.

Ready for a detailed walkthrough? Click here: [meeting link]

Warm regards,
[Your Name]",3,False,True,False,False
45,14,[Last Chance] Unlock Marketing Potential,"Hi [Recipient's Name],

I understand you're incredibly busy, but this might just be the game-changer you're looking for. Our tool helps companies like yours get granular with marketing data to drive revenue and cut unnecessary costs.

Could we discuss this in a no-obligation call? Book a time that suits you here: [meeting link]

Thanks for considering, and looking forward to potentially working together!

Best,
[Your Name]",4,True,True,True,False
46,15,Elevate Marketing Data-Driven Insights!,"Greetings [Recipient's Name],

Are you leveraging your data to its full potential? Our advanced marketing analytics services assist brands like yours to make informed decisions that drive growth. Let's explore the possibilities together! Would this week work for a quick chat? [meeting link here]

Warm regards,
[Your Name]",1,False,True,False,False
47,15,Re: Tailored Analytics Strategic Marketing,"Hello [Recipient's Name],

Hope you're doing well. I see you showed interest in elevating your marketing strategies. We can help identify untapped opportunities using your data. If I may, what challenges do you encounter with your current analytics?

I'm happy to offer insights and solutions over a brief call: [meeting link here].

Cheers,
[Your Name]",2,True,True,True,False
48,16,Boost Marketing ROI Advanced Analytics!,"Hello [Recipient's Name],

Are you harnessing the full power of your marketing data? With [Your Company]'s advanced analytics services, you can amplify your marketing ROI and get granular insights into customer behavior.

Let's dig into your data together! üë©‚Äçüíª Click here [meeting link] to book a strategy session. Can I reserve a spot for you this week?

Best,
[Your Name]",1,False,True,False,False
49,16,Re: Personalized Insights [Recipient's Company] Marketing Strategy,"Hi [Recipient's Name],

I noticed you checked out our email about supercharging your marketing efforts with analytics but haven't booked a session yet. We've helped companies like yours increase campaign conversion rates by up to 25%!

Let's explore what [Your Company]'s analytics can do for you. Here‚Äôs the [meeting link] again, and I'm open for a chat whenever suits you.

Looking forward to it,
[Your Name]",2,True,False,False,False
50,16,FW: Custom Solutions [Recipient's Company],"Hey [Recipient's Name],

I get it - time slips by, and emails get buried. Just in case, here's another nudge. We're excited about the potential for [Your Company] to leverage our custom analytics solutions to make impactful marketing decisions.

Shall we have a quick call about it? What do you say - yes or no? Here's the [meeting link] one more time.

Cheers,
[Your Name]",3,False,True,True,False
51,17,Unlock Marketing Potential Proven Analytics Strategies!,"Hey [Recipient's Name] üëã, 

Ever feel like you're guessing with your marketing decisions? Stop the guesswork with [Your Company]'s advanced analytics services! We transform data into growth. Curious?

Book a 15-min discovery call here [meeting link] ‚Äì let‚Äôs make data your ally. üòä

Best,
[Your Name]",1,False,True,False,False
52,17,Re: Next Step Data-Driven Marketing?,"Hi [Recipient's Name], 

I noticed you checked out our email about tapping into analytics for marketing but haven't taken the next step. With our tailored marketing analytics, businesses see an average revenue increase of 20%! 

Here‚Äôs what we offer:
- Custom analytics implementation
- Clear ROI tracking
- Actionable insights

Let's turn your data into dollars üí∞! Can we discuss this further on a call? [meeting link]

Thanks,
[Your Name]",2,True,True,True,False
53,18,Unlock Growth Tailored Marketing Analytics,"Hi [Recipient's Name],

Do your marketing efforts feel like a shot in the dark? üí° At [Your Company], we turn data into direction! Let's illuminate your strategy with actionable insights. How's your calendar for a quick intro call? [meeting link]

Best,
[Your Name]",1,False,True,False,False
54,18,Miss Out: Competitive Edge Awaits!,"Hey [Recipient's Name],

I noticed you didn't get a chance to react to my last email. Staying competitive means understanding your market. Our bespoke analytics services have helped businesses like yours increase ROI by up to 150%! Let's explore what we can do for you: [meeting link].

To a data-driven future,
[Your Name]",2,True,True,True,False
55,19,Elevate Legal Strategies - Let's Partner Up!,"Greetings [Recipient's Name],

Are you fully protecting your company's interests with current legal strategies? At [Your Law Firm], we offer end-to-end legal services that empower your business against potential legal challenges. Our expertise spans across corporate law, intellectual property, compliance, and more.

Ready to step up your legal game? Let's set up a 15-minute strategy call üëâ [meeting link].

Best Wishes,
[Your Name]",1,False,True,False,False
56,19,Legal Front - Secured Enhanced,"Hi [Recipient's Name],

Noticed you peeked at my last email but haven‚Äôt had a moment to discuss further. Understandable, considering the busy world we navigate. However, legal pitfalls wait for no one, and it's crucial to have fortified legal backing.

Let's schedule a brief chat to cover your bases. Here‚Äôs the link: [meeting link]. Will your calendar allow us a slot this week?

Best,
[Your Name]",2,True,True,True,False
57,20,Empower Marketing Data-Driven Decisions!,"Hey [Recipient's Name],

Do you feel like you're guessing when it comes to marketing? Stop the guesswork! Let's put your data to work with our advanced marketing analytics services. Quick chat this week? [meeting link]

Cheers,
[Your Name]",1,False,True,False,False
58,20,Marketing Smarter,"Hello [Recipient's Name],

Noticed we missed each other. Imagine knowing exactly where to allocate your marketing budget for the highest ROI. We help you do just that!  Interested in learning more? Let‚Äôs talk: [meeting link]

Best,
[Your Name]",2,True,True,False,True
59,20,Lost Data Jungle? Guide!,"Hi [Recipient's Name],

Third time's the charm, right? Analytics can be overwhelming, but our tailored reports make it simple. Dive deep into insights that matter and boost your marketing effectiveness. Ready to explore? [meeting link] is where the journey begins!

Warmest,
[Your Name]",3,True,False,False,False
60,20,Turning Analytics Action - Let‚Äôs Show,"Hey [Recipient's Name],

Still finding your way in the dark with your marketing strategy? We offer a lighthouse in the form of actionable analytics. Discover your campaign's hidden strengths and weaknesses. Shine a light on your data today by clicking here: [meeting link]

All the best,
[Your Name]",4,False,False,False,False
61,21,Network Really Secure?,"Hey [Recipient's Name],

In the digital age, cyber threats are evolving daily. How confident are you in your current cybersecurity measures? üõ°Ô∏è At [Your Company], we take security seriously and offer modern IT solutions that safeguard your business assets.

Would you be free for a 10-minute chat to explore this? Here is the [meeting link]. Let's secure your success together!

Best regards,
[Your Name]",1,False,True,False,False
62,21,Elevate Game Late...,"Hi again [Recipient's Name],

I noticed my previous email didn't spark a response, but I can't stress this enough: Your business could be at risk if your IT isn't up to par. üòü With our cutting-edge solutions, we've helped companies like yours increase resilience against cyber threats by 70%.

Let's outline a strategic defense plan for your network. Here's the [meeting link] to book a no-obligation call.

Best,
[Your Name]",2,True,True,False,True
63,22,Unlock Insights & Rocket Revenue,"Hi [Recipient's Name],

Is your marketing team flying blind without data-driven insights? Our advanced analytics can give them the vision they need. üï∂Ô∏è Let's drive your campaigns with precision.

Can we connect for a quick discussion? [meeting link]

Warm regards,
[Your Name]",1,False,False,False,False
64,22,We‚Äôve Got Tools Transform Data,"Hello [Recipient's Name],

Data is only as good as the insights it provides. Are you making the most of yours? With [Your Company], gain actionable analytics that can pivot your market position.

Missed our last touch-base ‚Äì let‚Äôs try again. I've saved you a spot here: [meeting link].

Cheers,
[Your Name]",2,False,True,True,False
65,23,Boost ROI Precision Marketing Analytics,"Hey [Recipient's Name],

Ever feel like you're guessing with marketing campaigns? Stop playing darts in the dark! We transform guesswork into results with our advanced Marketing Analytics services.

Let the numbers tell the true story. Interested in a data-driven future? Let's talk: [meeting link].

Best,
[Your Name]",1,False,True,False,False
66,23,Marketing Strategy Could Better - Prove It!,"Hello [Recipient's Name],

I noticed you haven't had the chance to schedule our chat. No panic, data waits for no one, but I can squeeze you in this week! We're experts at turning analytics into actionable strategies, and I'm eager to show you how.

How about we hop on a quick call? Check my availability and pick a time that works for you: [meeting link].

Cheers,
[Your Name]",2,True,True,True,False
67,24,Elevate Brand's Reach Proven Marketing Analytics!,"Hey there, [Recipient's Name]!

Ever felt like your marketing efforts are just shots in the dark? Let's brighten that up! Our data-driven marketing analytics service is like a floodlight on your ROI. Would love to discuss how we can help!

Grab your spot here [meeting link]. Interested?

Cheers,
[Your Name]",1,False,True,False,False
68,24,Visibility Clarity‚ÄîTransform Marketing Data,"Hi [Recipient's Name],

I noticed you've checked out my previous email - thanks for that! Now, imagine having insights that could multiply your marketing results... Exciting, right?

Our service not only tracks every click but turns data into strategy. It‚Äôs time to get smart with your marketing; let‚Äôs talk numbers and tactics.

Any chance you'd be free for a quick chat this week? Here's the calendar [meeting link].

Looking forward to connecting,
[Your Name]",2,True,False,False,False
69,24,Need Talk... Marketing ROI,"Hi [Recipient's Name],

Me again from [Your Company]. We specialize in taking the guesswork out of your marketing campaigns with in-depth analytics that spell out what's working (and what's not).

Consider this: A small tweak informed by data could be the difference between a good quarter and a great one. Let‚Äôs make your next campaign the best yet.

When can we chat? [meeting link]

Best,
[Your Name]",3,False,True,True,False
70,25,Elevate HR Game Expertise,"Hi [Recipient‚Äôs Name],

In the fast-paced world of business, it‚Äôs crucial to have a streamlined HR process. You‚Äôre leading the pack, but could you be running even faster?

With our award-winning HR consulting services, you can. Let‚Äôs talk about your goals and challenges. Would a call on Tuesday work? [meeting link]

Best,
[Your Name]",1,False,False,False,False
71,25,Miss HR Secrets?,"Hey [Recipient's Name],

Your vision for [Recipient's Company] is impressive; imagine amplifying that with the best talent and HR strategies!

Let‚Äôs cultivate an enviable workplace together. How? Let‚Äôs discuss it over a quick call: [meeting link].

Cheers,
[Your Name]",2,False,True,False,False
72,25,Let‚Äôs Cut Chase - HR Needs Touch!,"[Recipient's Name],

I get it, emails are pouring in! But here‚Äôs the deal - better HR strategies mean a more dynamic team and a stronger bottom line.

Dive in, let's build a modern workplace. A 15-min call can change the game: [meeting link].

Warm regards,
[Your Name]",3,True,True,True,False
73,26,Unlock Potential Advanced Marketing Analytics,"Good day [Recipient's Name],

I hope this email finds you well! As a marketing leader, you know the power of data. At [Your Company], we provide insightful analytics that can revolutionize your marketing strategy.

Would you like to see a demo of our platform? Here's a [meeting link] to arrange a brief intro. Can I count on you to take the leap forward?

Warm regards,
[Your Name]",1,False,True,False,False
74,26,Take Marketing Next Level,"Hello [Recipient's Name],

I saw you had a glance at my previous message but haven't got around to scheduling a talk. Our analytics platform could be the game-changer you need to outpace your competitors.

A quick chat could lead to transformative outcomes for your marketing efforts. Let's book that conversation [meeting link]. Shall we set a time to explore the possibilities?

Best,
[Your Name]",2,True,True,True,False
75,27,Unlock Financial Prowess - Conversation?,"Greetings [Recipient's Name],

Your mastery in managing [Their Company's Name] finance operations has piqued our interest. At [Your Company], we enhance that mastery with bespoke financial advisory services that elevate performance and profitability.

How about we reserve some time for a virtual coffee next week? Here‚Äôs my [meeting link] to pick a slot that fits you.

To financial excellence,
[Your Name]",1,False,True,True,False
76,28,Enhance Team's Potential Top-Tier HR Consulting,"Hello [Recipient's Name],

Looking to elevate your workforce strategies? Our skilled HR consultants at [Your Company] can empower your human capital management. We specialize in recruiting, training programs, and performance metrics.

How about a quick call to explore our services? [meeting link]

Best regards,
[Your Name]",1,False,0,0,0
77,28,Let's build stronger workforce together!,"Hi [Recipient's Name],

I noticed you haven't had a chance to check out our first message. As an expert in HR services, our consultancy could be the missing puzzle piece to your organizational challenges from talent acquisition to employee retention.

Could we carve out some time for a discussion? Here‚Äôs the link: [meeting link].

All the best,
[Your Name]",2,0,1,0,0
78,28,Final chance optimize HR [Your Company],"Greetings [Recipient's Name],

We haven't heard back from you, and we certainly don't want to miss the opportunity to help you transform your HR processes. Our results speak for themselves - businesses like yours have seen a substantial uptick in employee satisfaction and retention with our guidance.

This is the last email I'll send, and I‚Äôd hate for you to miss out on our expertise. Let‚Äôs talk: [meeting link].

Warm regards,
[Your Name]",3,1,1,1,0
79,29,Discover Game-Changing Marketing Analytics,"Hey there [Recipient's Name],

Are you leveraging your data to its fullest potential? Let [Your Company] transform your data into insightful action. How about a quick demo? [meeting link]

Cheers,
[Your Name]",1,False,True,False,False
80,29,Data Deserves More! Let's Dive Deep,"Hi again [Recipient's Name],

I noticed you peeked at our last message. Awesome! üòä Diving deeper into your numbers can unleash potential you might not even be aware of.

Are you up for a more in-depth look? Here's a link to a time that works for us: [meeting link]. We‚Äôd be thrilled to meet and explore how our analytics can gear you up for a win.

To success,
[Your Name]",2,True,False,False,False
81,29,Let's Make Data Work You!,"Hey [Recipient's Name],

It's [Your Name] again from [Your Company]. Just a reminder: our analytics platform isn‚Äôt just another tool, it's the craftsman that shapes your strategy.

I'm convinced a 30-min chat could reveal insights worth months of strategizing. If you're ready for this, our meeting link is here: [meeting link].

Looking forward to the possibility,
[Your Name]",3,False,True,False,True
82,30,Propel HR New Heights,"Hi [Recipient's Name],

Are your HR processes as efficient as they could be? [Your Company] specializes in innovative HR consulting that boosts staff morale and streamlines hiring. Let‚Äôs make your workplace the envy of the industry! Can we discuss this in a 10-min call? [meeting link]

Best,
[Your Name]",1,False,True,False,False
83,30,Next-level HR Strategies Await!,"Hey [Recipient's Name],

Last time, I reached out regarding our bespoke HR services. I'm sure you're busy, but I'm convinced the value we can add to your team's productivity is worth a brief chat.

Here‚Äôs what we can cover:
- Talent acquisition strategies
- Employee retention programs
- Customized training workshops
What do you think? [meeting link]

Regards,
[Your Name]",2,True,False,False,False
84,30,Still Struggling Talent Retention?,"Morning [Recipient's Name],

In our world of HR, talent retention is the game's name, and it looks like your company could use an ace! We‚Äôve helped others in your industry, so why not you?

I‚Äôd love to show you how during a quick chat. Here‚Äôs the link: [meeting link]. Let's lock in a date! üìÜ

Warm wishes,
[Your Name]",3,False,True,False,False
85,30,Last Attempt: HR Pain Points Solved!,"Hi [Recipient's Name],

It seems you're swamped, but I believe our HR solutions can significantly reduce your load. Exceptional talent management equals growth üå±.

I don't want to miss the chance to demonstrate how we can help you. Let‚Äôs chat for just 15 minutes. Here's the link one last time: [meeting link].

Best,
[Your Name]",4,True,True,True,False
86,31,Quick Q: marketing insights driving growth?,"Hey [Recipient's Name],

Hope this email finds you well! Quick question: Are you confident in the insights you're getting from your current marketing analytics?

Let's have a coffee chat ‚òï about how [Your Company] can help magnify your impact with advanced analytics. Fancy a quick call to explore this? [meeting link]

Best,
[Your Name]",1,False,True,False,False
87,31,Re: Maximize ROI Data-Driven Decisions,"Hi [Recipient's Name],

I noticed you checked out my previous email - thank you for that! I'm sure you're juggling a lot, but understanding your market better can seriously drive your ROI and save time in the long run.

- Competitive analysis? Check
- Customer segmentation? Check
- Campaign optimization? Double-check!

How about we dive into this on a brief call? Here‚Äôs the link for an easy schedule: [meeting link]

Talk soon,
[Your Name]",2,True,False,False,False
88,31,Miss: Unlock Potentials Enhanced Marketing Analytics,"Hello [Recipient's Name],

I'll get straight to the point: companies using advanced analytics are outperforming their competitors. Period. 

Here's what I propose - a 20-min discovery call to pinpoint how you can:

- Better allocate your marketing budget
- Achieve a higher conversion rate
- Understand your customers like never before

Can we make this happen? I‚Äôm available here: [meeting link]. Plus, I‚Äôll throw in a complimentary custom report sample!

To your success,
[Your Name]",3,False,True,True,False
89,32,Empower Business Tailored Solutions!,"Hey [Recipient's Name],

Looking to turbocharge your business efficiency? Let‚Äôs explore how our bespoke IT solutions can transform your tech landscape. üîçüí°

Interested? Let's talk! [meeting link]

Cheers,
[Your Name]",1,False,True,False,False
90,32,Re: Quick Catch-up? Solutions Tailored [Recipient's Company],"Hello [Recipient's Name],

I noticed my previous email went unopened, perhaps it was just a busy time? We‚Äôre still keen on showing you how our personalized IT services can benefit [Recipient's Company]. We've helped companies like yours increase productivity by up to 70%!

Can we set up a 15-min rapid-fire chat to dive into this? Here‚Äôs the link again: [meeting link]

Best,
[Your Name]",2,True,True,True,False
91,33,Enhance Marketing Cutting-Edge Analytics,"Hey there [Recipient's Name],

Ready to take your marketing game to the next level? Our advanced analytical tools can help dissect your campaigns and supercharge your ROI!

Curious? Let's schedule a quick dive into your current strategy: [meeting link].

All the best,
[Your Name]",1,False,False,False,False
92,33,Last Chance Boost Campaigns!,"Greetings [Recipient's Name],

I noticed my previous email might have slipped through the cracks. Just wanted to reiterate that with our analytics, you won‚Äôt just track marketing success ‚Äì you‚Äôll predict it!

Let's connect and explore the possibilities. I promise it'll be worth your time: [meeting link].

Best,
[Your Name]",2,False,True,False,False
93,33,Could help [Their Company's Name] outperform competition?,"Hello [Recipient's Name],

Imagine having insights that could propel your marketing ahead of the curve, leaving competitors wondering how you're always two steps ahead.

Our tools aren't just about analytics; they're about transforming how you understand your audience.

When could we discuss this more? Here's my calendar for you to pick a convenient slot: [meeting link].

Warm regards,
[Your Name]",3,True,True,True,False
94,34,Supercharge HR Strategy‚ÄîLet's Connect!,"Hi [Recipient's Name],

Ready to revolutionize your HR department? Our cutting-edge HR consulting services empower businesses like yours to attract top talent and foster a dynamic workplace culture.

Are you interested in a short call to explore our unique approach? Click here [meeting link] to pick a time that suits you.

Warm regards,
[Your Name]",1,False,True,False,False
95,34,FW: Enhance Employee Experience,"Hello [Recipient's Name],

I noticed that you haven't had a chance to review my previous email. No worries, I‚Äôm sure you're juggling a lot! Just wanted to stress on how transformative a refined HR strategy can be.

Our team's expertise in streamlining HR processes and implementing innovative solutions has brought significant improvements to our clients.

Could we schedule a brief discussion this week? You can find a time that's convenient for you here: [meeting link].

Best,
[Your Name]",2,True,False,False,False
96,34,Last Call: Transform HR Practices,"Hi [Recipient's Name],

Just reaching out one last time. We‚Äôve helped companies like [A Similar Company] achieve remarkable strides in their HR operations, leading to improved employee satisfaction and retention rates. 

I‚Äôd hate for you to miss out on the potential to enhance your HR processes too.

Would you be willing to invest 15 minutes for a potential game-changer for your business? Here‚Äôs the link again [meeting link] to make it super easy.

Thanks for considering,
[Your Name]",3,False,True,False,False
97,34,Re: Human Resources Optimization,"Hey [Recipient's Name],

Saw you opened my last email - thanks for taking a look! üôå Talent acquisition and employee development are more crucial than ever, and I believe our services would greatly benefit [Recipient's Company].

Let's schedule a quick call! If you're pressed for time, even a brief email exchange could be insightful.

Hope to hear from you soon.
[meeting link]

Cheers,
[Your Name]",4,True,True,True,False
98,35,Boost Efficiency,"Greetings [Recipient's Name],

Looking for robust IT solutions that push the boundaries of efficiency? Our cutting-edge services at [Your Company] can revolutionize your operations.

Let's discuss possibilities. Book a spot at [meeting link]!

Warm regards,
[Your Name]",1,False,False,False,False
99,35,Re: Time Elevate Game,"Hi [Recipient's Name],

I see you're steering through the complex IT landscape. Imagine doing it with ease! Our bespoke solutions ensure smooth sailing.

Missed you earlier. Can we schedule a quick chat? Here's my [meeting link].

Best,
[Your Name]",2,False,True,False,False
100,35,Let's Take New Heights - Last Chance,"Hey [Recipient's Name],

Oversaw my last messages? Still, I'm convinced our service can boost your IT operations with minimal fuss.

Final call to explore: [meeting link]. Don't miss out!

Cheers,
[Your Name]",3,True,True,True,True
101,36,Boost Brand's Growth Proven Marketing Analytics,"Hello [Recipient's Name],

Are you leveraging your data effectively for marketing? Discover what our Marketing Analytics services can do to ignite your growth. Let's explore possibilities over a call! Here's my schedule [meeting link] ‚Äì can we connect this week?

Best regards,
[Your Name]",1,False,False,False,False
102,36,Marketing ROI Could Better!,"Hi [Recipient's Name],

Noticed you haven't checked out our previous message. No worries! I just wanted to reiterate that at [Your Company], our analytics can transform your marketing strategy and boost your ROI. We‚Äôve done it for [Similar Company] and we‚Äôre excited to show you how.

Can I take you through a custom demo? Here's the link for a quick chat [meeting link].

Warm regards,
[Your Name]",2,False,True,False,False
103,36,Transform Metrics Strategy ‚Äì Let‚Äôs Discuss,"Hey [Recipient's Name],

Your brand's potential is untapped! Our Marketing Analytics services have been game-changers for businesses like yours. With personalized reporting dashboards and insights, you can effortlessly translate data into strategy.

I'd love to share some success stories and discuss yours. Here's where you can book a time [meeting link] ‚Äì let's make your data work for you!

Cheers,
[Your Name]",3,True,True,True,False
104,37,Increase ROI Data-Driven Marketing Strategies,"Hey [Recipient's Name],

Quick question: Are your marketing efforts paying off as much as they should? At [Your Company], we provide Marketing Analytics Services that turn your data into actionable insights. Let's explore what we could achieve together!

Eager to learn more? Let's have a brief chat! [meeting link]

Cheers,
[Your Name]",1,False,True,False,False
105,37,Re: Let‚Äôs Unlock Marketing Potential ‚Äì Quick Chat?,"Hello [Recipient's Name],

I noticed you opened my previous email... awesome! I‚Äôm sure you're curious about how to boost your marketing ROI. üòä With our expertise in analytics, we flag the 'wins' and pin down areas to improve.

To discuss specific strategies for your business, all it takes is a quick call. Here's the link again [meeting link]. Hope to hear from you soon!

Best,
[Your Name]",2,True,True,True,False
106,38,Propel Marketing Data Insights,"Good day [Recipient's Name],

Are you basing your marketing decisions on guesswork or data-driven insights? Gain a competitive edge with our Marketing Analytics Services. Let's explore strategies and tools that can help you maximize ROI.

Can we book a 20-min dive into your data landscape this week? [meeting link]

Best regards,
[Your Name]",1,False,True,False,False
107,38,Re: Marketing Strategy Could Data-Driven!,"Hi [Recipient's Name],

I noticed you opened my last email ‚Äì thank you! I'm sure your schedule is busy, but understanding your marketing data can save time and resources in the long run. We can dissect your current strategy and highlight growth opportunities.

How about grabbing a virtual coffee on Wednesday? [meeting link]

Warm regards,
[Your Name]",2,True,True,False,False
108,38,Missed Marketing Opportunities?,"Hello [Recipient's Name],

It's challenging to keep up with all the marketing trends, but what if you could anticipate them? Our analytics can shape campaigns that resonate and convert. Imagine the boost to your bottom-line!

Shall we discuss this during a brief call? There's a lot to benefit from a short discussion. [meeting link]

Looking forward to it,
[Your Name]",3,True,True,False,False
109,38,Last Chance Unlock Marketing Insights,"Hi [Recipient's Name],

I'll keep this brief. We've tried connecting a few times because we genuinely believe in the power of data to transform marketing strategies. Without it, you could be missing out on untapped potential.

This is my last email, but I hope it's just the start of our conversation. Have you got 15 minutes to discover what our analytics can unlock for your business? [meeting link]

Cheers,
[Your Name]",4,True,True,True,False
110,39,Empower Decisions Expert Financial Insights,"Dear [Recipient's Name],

Are you wielding the full potential of insightful financial analysis for strategic decision-making? Our seasoned advisors at [Your Company] are keen to help you unlock maximum growth for your business.

Could we set aside a brief call this week to explore the possibilities? Here's [meeting link] for easy scheduling.

Warm regards,
[Your Name]",1,False,True,False,False
111,39,Re: Harness Power Strategic Financial Planning,"Hi [Recipient's Name],

I hope this message finds you well. Since I didn‚Äôt hear back, I thought to reach out once more. In today's volatile market, nailing your financial strategy is key. And that's where we shine!

Let us give you a competitive edge. Please find a moment to discuss at [meeting link] ‚Äì would love to get this on the calendar.

Best wishes,
[Your Name]",2,True,True,False,False
112,39,Unlock Financial Mastery Business - Grab Time Us!,"Good day [Recipient's Name],

Still juggling financial uncertainties? Let's change that. With [Your Company]'s advisory, you can expect tailored, actionable insights that drive your financial strategy forward.

I believe a quick chat could be quite beneficial for you. Here‚Äôs that handy [meeting link] again ‚Äì I encourage you to take advantage of it.

Kind regards,
[Your Name]",3,True,False,False,False
113,39,Final Attempt: Financial Strategy Breakthrough Awaits!,"Hello [Recipient's Name],

I've tried to reach you a few times because I genuinely believe in the value [Your Company] can bring to your finances. This will be my last email on this, but I‚Äôm still hopeful we can talk.

Financial foresight is just a conversation away. Here's your invite to transformative insights: [meeting link].

Warmly,
[Your Name]",4,False,True,True,False
114,40,Boost Business's Efficiency Tailored Solutions,"Hi [Recipient's Name],

Ready to take your business's IT performance to the next level? Explore cutting-edge solutions tailored just for you. I‚Äôm eager to share how [Your Company] can make this a reality.

Quick chat? [meeting link]

Best,
[Your Name]",1,False,True,False,False
115,40,Let's Cut Complexity - Chat Coffee? Ô∏è,"Good day [Recipient's Name],

I noticed you checked out my previous email ‚Äì thanks for that! Simplifying IT complexities can be a game-changer for your efficiency and peace of mind. Can we delve into this over a virtual coffee? Click [meeting link] and choose a time that suits you best.

Looking forward to it,
[Your Name]",2,True,False,False,False
116,40,Unleash Potential Solutions - Aligned?,"Hello [Recipient's Name],

Imagine a world where IT issues don't hold back your potential. That's the world [Your Company] creates for its partners. I've crafted a strategic approach tailored to your business needs and I'd love to walk you through it.

Can we connect this week? Here's the [meeting link].

Best regards,
[Your Name]",3,False,True,True,False
117,41,Empower Marketing Analytics Tools,"Hi [Recipient's Name],

I'm reaching out because I've noticed you're making big waves in your industry, and I believe our advanced marketing analytics tools could enhance your impact.

Quick question: Are your current analytics giving you the clarity you need?

Let‚Äôs find a time to chat [meeting link].

Best,
[Your Name]",1,False,True,False,False
118,41,Miss Out: Transform Data Decisions,"Hey [Recipient's Name], it's [Your Name] again from [Your Company].

We help businesses like yours turn marketing data into actionable insights. I'd love to show you a demo tailored to your company's needs. With our tools, you'll be able to:

- Track campaign performance in real-time
- Understand customer behavior deeply
- Optimize your marketing spend efficiently

Can we book a 20-min exploration call this week? Here‚Äôs the [meeting link] to my calendar.

Cheers,
[Your Name]",2,True,False,False,False
119,41,Competitors Leveraging Analytics ‚Äî You?,"Hello [Recipient's Name],

A quick nudge from my side about our last email. No worries if you missed it, but I wanted to highlight that our clients typically see a 30% uptick in ROI after using our analytics platform. Here's how they‚Äôre gaining an edge:

- Predictive analytics to forecast trends
- Tailored insights to target demographics
- Competitive analysis to stay ahead

Would love to discuss this over a short call. Do click on this [meeting link] at a time that works for you.

Best regards,
[Your Name]",3,False,True,True,False
120,42,Optimize Infrastructure Peak Performance!,"Hi there üëã,

Are you leveraging the latest IT solutions to drive your business forward? We help companies like yours maximize efficiency with tailor-made tech. Let's explore the possibilities together!

Interested? Let's talk! [meeting link]

Best wishes,
[Your Name]",1,False,True,False,False
121,42,Get Left Behind - Future-proof,"Hey [Recipient's Name],

I noticed you didn't click through last time. No worries, I understand IT decisions are major. Imagine overcoming your tech bottlenecks with ease - we can make that a reality.

Let's schedule a sync to discuss how. üìÜ [meeting link]

Speak soon,
[Your Name]",2,True,True,True,False
122,43,Unlock Growth Precision Marketing Analytics,"Hi [Recipient‚Äôs Name],

Do you feel your marketing campaigns could use a boost in efficacy? At [Your Company], we transform data into actionable insights that drive successful marketing strategies.

Interested in a quick overview? Check out this link [meeting link] to lock in a time this week.

Warm regards,
[Your Name]",1,False,False,False,False
123,43,Still interested data-driven marketing success?,"Hello [Recipient‚Äôs Name],

I noticed you haven't opened my previous email, and I don‚Äôt want you to miss out on the opportunity to optimize your marketing efforts. Our analytics solutions have helped businesses like yours increase campaign ROI by up to 35%!

Can we have a brief chat? Here‚Äôs the scheduler [meeting link] to pick a convenient time for you.

Best,
[Your Name]",2,False,True,False,False
124,43,Let‚Äôs make marketing data work harder!,"Hi again [Recipient‚Äôs Name],

It‚Äôs clear that effective marketing requires solid data‚Äîbut the real trick is in the analysis. Let‚Äôs discuss how our customized analytics could be a game-changer for your business.

I'm sure you're busy, so I‚Äôll make it brief. Can we connect for 15 minutes? Here‚Äôs the link to my calendar [meeting link].

Cheers,
[Your Name]",3,True,True,True,False
125,44,Unlock Marketing Potential Advanced Analytics,"Hi there, 

Ever felt like your marketing efforts could be more targeted? Our cutting-edge Marketing Analytics services provide the insights you need to optimize your campaigns and boost your ROI. 

Interested in learning more? Book a quick discovery call here: [meeting link].

Cheers, 
[Your Name]",1,False,True,False,False
126,44,Re: Unlock Marketing Potential Advanced Analytics,"Hello again, 

I noticed you had a look at my previous email - thanks for that! I‚Äôm sure you‚Äôre busy so I‚Äôll get straight to the point. With our services, we've helped businesses like yours increase leads by up to 50%. 

How about we explore some strategies tailored for your business? Here's that link again for easy access: [meeting link]. 

Best, 
[Your Name]",2,True,False,False,False
127,44,Last Try: elevate marketing strategy?,"Hi [Recipient's Name], 

I don‚Äôt want to take up too much of your time but here's the thing: companies we work with often regret not taking action sooner. 

Click on the link to set up a brief chat. No strings attached, swear by it: [meeting link]. 

Let's chat! 
[Your Name]",3,False,True,True,False
128,45,Elevate Legal Defenses [Your Firm's Name],"Hello [Recipient's Name],

In today‚Äôs fast-paced business world, staying legally protected is not just an option; it‚Äôs a necessity. At [Your Firm's Name], we specialize in crafting bespoke legal strategies to safeguard your interests.

How confident are you in your current legal protections? Let‚Äôs discuss your unique situation. Here‚Äôs my [meeting link]‚Äîbook a slot at your convenience.

Best regards,
[Your Name]
Leading Legal Advisor at [Your Firm's Name]",1,False,False,False,False
129,45,Protect Business Interests Effectively,"Hi [Recipient's Name],

I noticed you haven‚Äôt had a chance to go through my previous email. I understand you‚Äôre busy, but your legal security shouldn‚Äôt take a backseat.

With our high-profile clientele and a successful track record, [Your Firm's Name] is adept at navigating intricate legal landscapes. We‚Äôre here to extend that expertise to you.

If you‚Äôre ready to take the next step, click here [meeting link] to schedule a call.

Warm regards,
[Your Name]",2,False,True,False,False
130,45,Re: Tailored Legal Solutions Await Review,"Dear [Recipient's Name],

It‚Äôs clear that you operate in a dynamic field where legal requirements can be as ever-changing as the market itself. We at [Your Firm's Name] thrive on ensuring that organizations like yours are well-prepared and legally resilient.

Our team is keen to share insights into how we can support your business goals through robust legal services. Here‚Äôs that quick [meeting link] again if you'd like to chat.

Looking forward to our conversation,
[Your Name]",3,True,True,True,False
131,46,Supercharge Marketing Insights Data-Driven Analytics!,"Hi [Recipient's Name],

Are your current marketing strategies backed by solid data? At [Your Company], we offer comprehensive marketing analytics services that translate data into actionable strategies, driving growth and ROI.

Interested in a quick demo? Grab a slot here [meeting link] üìÖ

Best,
[Your Name]",1,False,False,False,False
132,46,Re: Transform Data Decisions ‚Äì Elevate Marketing,"Hello [Recipient's Name],

I noticed my previous email might have slipped through the cracks. I'm reaching out again because I genuinely believe our analytics platform can make a difference in how you understand and target your market.

Let's have a brief call to explore your goals and see how we can assist. Here's my calendar [meeting link], pick any time that works for you.

Warm regards,
[Your Name]",2,False,True,True,False
133,47,Boost Conversions Advanced Marketing Analytics,"Hi [Recipient's Name],

Are you looking to elevate your marketing ROI? Our cutting-edge analytics solutions apply AI to decode your market trends and customer behavior.

Curious? Let‚Äôs discuss how we can drive your growth. Schedule a chat here [meeting link] for insights tailored to your business!

Warm regards,
[Your Name]",1,False,True,False,False
134,47,Turn Data Decisions ‚Äì Let's Explore Analytics Needs,"Hello [Recipient's Name],

I noticed my previous message might have slipped through the cracks. I‚Äôm reaching out again because I believe in the potential of transforming your data into strategic assets.

Our analytics platform helps you understand the 'why' behind the numbers. Allow me a chance to show you - book a time suitable for you [meeting link].

Best,
[Your Name]",2,True,False,False,False
135,47,Re: Enhance Marketing Strategy Proven Analytics,"Hey [Recipient's Name],

Still not sure? Remember, data is just numbers unless it's turned into actionable strategies. Our clients see a 30% average increase in efficiency after partnering with us.

Join them! Click [meeting link] and let‚Äôs find a time to talk about propelling your marketing forward.

Looking forward,
[Your Name]",3,False,True,True,False
136,48,Empower Marketing Precise Analytics,"Dear [Recipient's Name],

Are you getting the insights you need to make data-driven decisions? At [Your Company], we specialize in transforming data into actionable marketing strategies.

Could we schedule a brief call this week to explore this? [meeting link]

Best regards,
[Your Name]",1,False,True,False,False
137,48,Need Clarity Data? Let's Unlock Marketing Potential,"Hello [Recipient's Name],

I noticed my previous email about enhancing your marketing analytics went unopened. We at [Your Company] are confident that our analytical tools can help sharpen your marketing efforts, giving your team the clarity they need.

Interested in a quick demo? Here's the link to my calendar: [meeting link].

Kind regards,
[Your Name]",2,True,True,False,True
138,49,Elevate Marketing Insights Next-Gen Analytics!,"Good Morning [Recipient's Name],

Are your current analytics tools giving you the clarity you need to make informed decisions? Our state-of-the-art Marketing Analytics platform offers real-time data and predictive insights that can transform the way you connect with your audience. Would you be open to exploring this? Here's a link to my calendar [meeting link] for a brief intro.

Warm regards,
[Your Name]",1,False,False,False,False
139,49,Quick Question Regarding Analytics Needs,"Hi [Recipient's Name],

I'm reaching out again because I believe in the potential impact our advanced analytics could have on your marketing strategies. Our clients typically see a 30% increase in conversion rates. üìà Can I share how we do this? Just a quick chat. Let's schedule it here: [meeting link].

Best,
[Your Name]",2,False,True,False,False
140,49,We‚Äôre Support Growth,"Hello [Recipient's Name],

Noticing that my prior messages have gone unopened, I just wanted to check in. Our Marketing Analytics services are specifically designed to help companies like yours scale effectively. If there's a better way or time to reach you, please let me know. Meanwhile, I'd love the opportunity to talk: [meeting link].

Thank you for considering,
[Your Name]",3,True,True,False,False
141,49,Help Enhance Marketing Strategy?,"Hi [Recipient's Name],

I'll keep this brief. We've helped similar businesses achieve significant ROI with our analytics tools and I don't want you to miss out. If there's a sliver of interest or curiosity, let's connect for just 15 minutes ([meeting link]). Or if you prefer, could you let me know your availability?

I appreciate your time,
[Your Name]",4,True,True,True,False
142,50,Unlock Insights Growth ‚Äì Marketing Analytics Partner,"Hello [Recipient‚Äôs Name],

Are you leveraging your data to its full potential? As a leader in Marketing Analytics, [Your Company] transforms raw data into valuable insights that drive decision-making and growth.

Ready to chat? Let‚Äôs book a time to explore your goals. [meeting link]

Warm regards,
[Your Name]",1,False,True,False,False
143,50,Re: Tailored Insights [Recipient‚Äôs Company],"Hi [Recipient‚Äôs Name],

I noticed you opened my previous email ‚Äì thank you for considering [Your Company] for your marketing analytics needs. I‚Äôm here to answer any questions and show you how our insights can convert to your success.

Schedule a 15-min exploratory call here: [meeting link]

Best,
[Your Name]",2,True,True,False,False
144,50,Let's Show Future Marketing Analytics,"Hey [Recipient‚Äôs Name],

Your interest in enhancing marketing strategies resonates with us. Imagine the impact of predictive analytics on your campaigns ‚Äì we have the tools and expertise to make this your reality.

I‚Äôd love to dive deeper into this during a call. Here‚Äôs my schedule [meeting link], pick a time!

Cheers,
[Your Name]",3,True,False,False,False
145,50,Actionable Data Insights Await!,"Good day [Recipient‚Äôs Name],

Do the metrics point towards a journey of growth? With [Your Company], you‚Äôre not just looking at data; you‚Äôre foreseeing results and taking strategic actions.

Let‚Äôs explore the possibilities together. I‚Äôm available for a chat here [meeting link] ‚Äì are you?

Regards,
[Your Name]",4,False,True,True,False
146,51,Elevate Human Capital Management,"Hello [Recipient's Name],

Great HR can rocket any company to success! At [Your Company], we bring innovative HR strategies that solve complex people-management puzzles. Ready to transform your workforce?

Let‚Äôs briefly chat: [meeting link]

Best,
[Your Name]",1,False,False,False,False
147,51,Re: Unlock Potential Tailored HR Solutions,"Hi [Recipient's Name],

Noticed that you're swamped? We tailor HR solutions that sync perfectly with your business rhythm, helping you manage talent while you focus on growth.

Let‚Äôs unlock new potential together. Schedule a call here: [meeting link]

Best regards,
[Your Name]",2,False,True,False,False
148,51,Connect Top HR Experts ‚Äì Team Awaits!,"Hey [Recipient's Name],

We understand HR challenges can be tough. That‚Äôs why we have a dedicated team of experts to partner with you ‚Äì ensuring legal compliance, employee satisfaction, and everything in between.

Can we solve this puzzle together? [meeting link]

Cheers,
[Your Name]",3,True,False,False,False
149,51,Streamline HR Boost Performance,"Hello [Recipient's Name],

Efficiency is king ‚Äì especially in HR. We optimize processes, from recruitment to retention, so your team can scale new heights with ease.

Interested in learning more? Here‚Äôs your direct line to innovation: [meeting link]

Warm regards,
[Your Name]",4,False,True,True,False
150,52,Boost Brand Visibility,"Hello [Recipient's Name],

Want to skyrocket your company's market presence? Our innovative marketing analytics services are the fuel you need for that liftoff! Let's explore this space together. Fancy a quick call? üåü [meeting link]

Best Wishes,
[Your Name]",1,False,True,False,False
151,52,Outpace Competitors Insightful Analytics,"Hi [Recipient's Name],

I noticed you're navigating through the vast universe of marketing. Grab the telescope! Our analytics services provide the stargazing power to not just look at the data, but to act on it. Curious how? Let's talk: [meeting link]

Best,
[Your Name]",2,True,True,False,False
152,52,Tailored Analytics,"Hey [Recipient's Name],

Your brand deserves to stand out! With custom marketing analytics, we offer a tailor-made suit for your data - sleek, smart, and just fits right.

Here‚Äôs what we can do for you:
- Competitive Analysis üîé
- Consumer Behavior Insights üßê
- ROI Optimization üíπ

When could we discuss this further? [meeting link]

Cheers,
[Your Name]",3,True,False,False,False
153,52,Let's Make Data-Driven Decisions Together,"Dear [Recipient's Name],

I can't help but notice the potential your brand has in using data to drive strategic decisions. We are committed to turning analytics into actionable insights for businesses like yours.

A quick recap of how we can assist:
- Predictive Analytics for forecasting trends
- Customer Journey Analysis to improve experience
- Campaign Effectiveness to boost sales

Insights await on the other side of this link: [meeting link].

Warm regards,
[Your Name]",4,False,True,True,False
